{
    "Trial 0": {
        "Region 1": [
            0.0,
            9.0
        ],
        "Region 2": [
            23.0,
            6.0,
            12.0
        ],
        "Total Recruitment Time": 20.844298436358404
    },
    "Trial 1": {
        "Region 1": [
            1.0,
            0.0,
            5.0
        ],
        "Region 2": [
            6.0,
            4.0,
            14.0
        ],
        "Region 3": [
            10.0,
            3.0,
            8.0,
            14.0
        ],
        "Region 4": [
            5.0,
            20.0,
            67.0,
            61.0,
            0.0
        ],
        "Region 5": [
            29.0,
            22.0,
            57.0,
            54.0,
            23.0,
            14.0,
            83.0
        ],
        "Total Recruitment Time": 19.550246621751285
    }
}