{
    "Trial 0": {
        "Region 1": [
            40.0,
            1.0
        ],
        "Region 2": [
            2.0,
            2.0,
            5.0
        ],
        "Total Recruitment Time": 6.503327540448728
    },
    "Trial 1": {
        "Region 1": [
            2.0,
            1.0,
            4.0
        ],
        "Region 2": [
            5.0,
            7.0,
            1.0
        ],
        "Region 3": [
            5.0,
            2.0,
            0.0,
            2.0
        ],
        "Region 4": [
            78.0,
            21.0,
            0.0,
            13.0,
            3.0
        ],
        "Region 5": [
            17.0,
            24.0,
            155.0,
            42.0,
            72.0,
            7.0,
            39.0
        ],
        "Total Recruitment Time": 25.042890719043207
    }
}